Type,ID,ParentReqID,Principle,Title,FullText,Category,AIVSS_Primary,AIVSS_Secondary,ASI_ID,Confidence,Review_Priority,Rationale
Requirement,A001,,Data & Privacy,A001: Establish input data policy,"Establish and communicate AI input data policies covering how customer data is used for model training, inference processing, data retention periods, and customer data rights",,Agent Memory & Context Manipulation,Agent Untraceability,,High,OK,"Input data policies govern how data enters agent memory and context, directly addressing manipulation risks. Policies also support audit."
Control,A001.1,A001,Data & Privacy,"A001.1 Documentation: Policy for input data ownership, usage and retention","- Defining and communicating input data usage policies. Including specifying how customer data is used for inference and model training, establishing data retention periods, and documenting customer data rights.",Legal Policies,Agent Untraceability,,,Medium,OK,Mapped primarily to AIVSS core risk 'Agent Untraceability' as the most direct agentic failure mode mitigated.
Control,A001.2,A001,Data & Privacy,A001.2 Config: Data retention implementation,"- Implementing technical controls to enforce data retention and deletion policies. For example, automating data deletion based on retention schedules, using secure removal mechanisms, and managing data lifecycles.",Technical Implementation,Agent Untraceability,,,Medium,P2,"Detected cues: rag, tool, audit, rce. Mapped primarily to AIVSS core risk 'Agent Untraceability' as the most direct agentic failure mode mitigated."
Control,A001.3,A001,Data & Privacy,A001.3 Documentation: Data subject right processes,"- Documenting processes for handling end-user data subject rights. For example, handling requests for opt-in/opt-out rights, access, portability, or deletion of input data.",Legal Policies,Agent Untraceability,Agent Memory & Context Manipulation,,Medium,OK,Mapped primarily to AIVSS core risk 'Agent Untraceability' as the most direct agentic failure mode mitigated. Secondary impact likely also reduces: Agent Memory & Context Manipulation.
Requirement,A002,,Data & Privacy,A002: Establish output data policy,"Establish AI output ownership, usage, opt-out and deletion policies to customers and communicate these policies",,Agent Untraceability,,,High,OK,"Output data policies establish ownership and accountability for AI-generated content, directly supporting traceability."
Control,A002.1,A002,Data & Privacy,A002.1 Documentation: Output usage and ownership policy,"- Establishing output ownership and usage rights policies. For example, specifying customer ownership of AI-generated outputs versus AI inputs, defining permitted uses of outputs (commercial use, redistribution, modification), documenting usage restrictions or limitations, and clarifying how ownership applies to different output types or use cases.
- Disclosing opt-out and deletion procedures for AI outputs. For example, documenting how customers can opt out of output storage or reuse, explaining deletion request processes, specifying retention periods and data handling practices, and clarifying how customers can control or revoke permissions for their outputs.",Legal Policies,Agent Untraceability,,,Medium,OK,Detected cues: rag. Mapped primarily to AIVSS core risk 'Agent Untraceability' as the most direct agentic failure mode mitigated.
Requirement,A003,,Data & Privacy,A003: Limit AI agent data collection,Implement safeguards to limit AI agent data access to task-relevant information based on user roles and context,,Agent Memory & Context Manipulation,,ASI06,High,OK,Detected cues: context. ASI label inferred: ASI06 (Memory & Context Poisoning). Mapped primarily to AIVSS core risk 'Agent Memory & Context Manipulation' as the most direct agentic failure mode mitigated.
Control,A003.1,A003,Data & Privacy,A003.1 Config: Data collection scoping,"- Configuring data collection limits to reduce data and privacy exposure. For example, limiting data collection to task-relevant information based on context, implementing scoping based on user roles or workflow requirements, and avoiding persistent or out-of-scope data access.",Technical Implementation,Agent Memory & Context Manipulation,,ASI06,High,OK,"Detected cues: rag, context, eval. ASI label inferred: ASI06 (Memory & Context Poisoning). Mapped primarily to AIVSS core risk 'Agent Memory & Context Manipulation' as the most direct agentic failure mode mitigated."
Control,A003.2,A003,Data & Privacy,A003.2 Config: Alerting system for auth failures,- Deploying monitoring mechanisms. Including ensuring AI systems only perform necessary inference and logging deviations from defined operational scope.,Technical Implementation,Agent Untraceability,Agent Memory & Context Manipulation,ASI06,High,P1,"Detected cues: context, logging. ASI label inferred: ASI06 (Memory & Context Poisoning). Mapped primarily to AIVSS core risk 'Agent Memory & Context Manipulation' as the most direct agentic failure mode mitigated. Secondary impact likely also reduces: Agent Memory & Context Manipulation, Agent Untraceability. ASI→AIVSS bridge used to resolve ambiguity via Appendix A alignment."
Control,A003.3,A003,Data & Privacy,A003.3 Config: Authorization system integration,"- Integrating with existing authorization systems to align agent access permissions with organizational policies.
",Technical Implementation,Agent Access Control Violation,Agentic AI Tool Misuse,ASI06,High,P1,"Detected cues: context, tool, integration, oauth. ASI label inferred: ASI06 (Memory & Context Poisoning). Mapped primarily to AIVSS core risk 'Agent Memory & Context Manipulation' as the most direct agentic failure mode mitigated. Secondary impact likely also reduces: Agent Memory & Context Manipulation, Agentic AI Tool Misuse. ASI→AIVSS bridge used to resolve ambiguity via Appendix A alignment."
Requirement,A004,,Data & Privacy,A004: Protect IP & trade secrets,Implement safeguards or technical controls to prevent AI systems from leaking company intellectual property or confidential information,,Agent Access Control Violation,,,Medium,P2,Mapped primarily to AIVSS core risk 'Agent Access Control Violation' as the most direct agentic failure mode mitigated.
Control,A004.1,A004,Data & Privacy,A004.1 Documentation: User guidance on confidential information,"- Providing user guidance on protecting confidential information. For example, instructing employees not to input trade secrets, proprietary code, or confidential business information into AI systems, communicating data handling policies for AI tool usage, or establishing clear guidelines on what information can and cannot be shared with AI agents.",Technical Implementation,Agent Access Control Violation,Agent Untraceability,,Medium,P1,Detected cues: tool. Mapped primarily to AIVSS core risk 'Agent Access Control Violation' as the most direct agentic failure mode mitigated. Secondary impact likely also reduces: Agent Untraceability.
Control,A004.2,A004,Data & Privacy,A004.2 Documentation: foundational model IP protections,"- Leveraging foundation model provider protections. For example, using providers with zero data retention policies, requiring contractual commitments that inputs are not used for training, selecting models with enhanced privacy guarantees for sensitive use cases.",Legal Policies,Agent Supply Chain & Dependency Risk,Agent Access Control Violation,,Medium,P1,Detected cues: rag. Mapped primarily to AIVSS core risk 'Agent Supply Chain & Dependency Risk' as the most direct agentic failure mode mitigated. Secondary impact likely also reduces: Agent Access Control Violation.
Control,A004.3,A004,Data & Privacy,A004.3 Config: IP detection implementation,- Implementing technical controls to detect proprietary information in outputs.,Technical Implementation,Agent Access Control Violation,Agent Untraceability,ASI03,Medium,P2,"Detected cues: api, label. ASI label inferred: ASI03 (Identity & Privilege Abuse). Mapped primarily to AIVSS core risk 'Agent Access Control Violation' as the most direct agentic failure mode mitigated. Secondary impact likely also reduces: Agent Untraceability."
Control,A004.4,A004,Data & Privacy,A004.4 Config: IP disclosure monitoring,"- Establishing output monitoring for high-risk IP scenarios. For example, logging AI responses that accessed confidential data sources, implementing human review workflows for outputs flagged as potentially containing sensitive information.",Technical Implementation,Agent Untraceability,,ASI09,High,OK,"Detected cues: logging, audit, rce, disclosure, approval. ASI label inferred: ASI09 (Human-Agent Trust Exploitation). Mapped primarily to AIVSS core risk 'Agent Untraceability' as the most direct agentic failure mode mitigated."
Requirement,A005,,Data & Privacy,A005: Prevent cross-customer data exposure,Implement safeguards to prevent cross-customer data exposure when combining customer data from multiple sources,,Agent Access Control Violation,Agent Memory & Context Manipulation,,Medium,OK,"Detected cues: cross-customer, rce. Mapped primarily to AIVSS core risk 'Agent Access Control Violation' as the most direct agentic failure mode mitigated. Secondary impact likely also reduces: Agent Memory & Context Manipulation."
Control,A005.1,A005,Data & Privacy,A005.1 Documentation: Consent for combined data usage,"- Establishing explicit consent and disclosure for combined data usage. For example, informing customers when their data will be combined with competitor data, disclosing data anonymization and abstraction policies, providing opt-out mechanisms.",Legal Policies,Agent Untraceability,Agent Access Control Violation,,Medium,P1,"Detected cues: cross-customer, rce, consent, disclosure. Mapped primarily to AIVSS core risk 'Agent Untraceability' as the most direct agentic failure mode mitigated. Secondary impact likely also reduces: Agent Access Control Violation."
Control,A005.2,A005,Data & Privacy,A005.2 Config: Customer data isolation controls,"- Implementing customer data isolation controls. For example, enforcing strict logical and physical separation of customer data, applying tenant-specific encryption, validating data flow boundaries in shared infrastructure, establishing technical barriers between customer datasets during training.",Technical Implementation,Agent Access Control Violation,Agent Memory & Context Manipulation,ASI06,High,P1,"Detected cues: rag, vector, tenant, cross-customer, rce. ASI label inferred: ASI06 (Memory & Context Poisoning). Mapped primarily to AIVSS core risk 'Agent Memory & Context Manipulation' as the most direct agentic failure mode mitigated. Secondary impact likely also reduces: Agent Memory & Context Manipulation, Insecure Agent Critical Systems Interaction. ASI→AIVSS bridge used to resolve ambiguity via Appendix A alignment."
Control,A005.3,A005,Data & Privacy,A005.3 Config: Privacy-enhancing controls,- Implementing specific privacy-enhancing technologies (PETs) to reduce competitive exposure.,Technical Implementation,Agent Access Control Violation,Agent Memory & Context Manipulation,,Medium,OK,"Detected cues: token, cross-customer, rce. Mapped primarily to AIVSS core risk 'Agent Access Control Violation' as the most direct agentic failure mode mitigated. Secondary impact likely also reduces: Agent Memory & Context Manipulation."
Requirement,A006,,Data & Privacy,A006: Prevent PII leakage,Establish safeguards to prevent personal data leakage through AI outputs,,Agent Access Control Violation,Agent Memory & Context Manipulation,,High,OK,"PII guardrails enforce data access boundaries, preventing unauthorized access to sensitive information."
Control,A006.1,A006,Data & Privacy,A006.1 Config: PII detection and filtering,"- Implementing safeguards to prevent personal data leakage through AI system outputs and logs. For example, filtering prompts and outputs for personal identifiers before storage or display, implementing automated PII detection and redaction in system logs, preventing retention of outputs containing sensitive personal information, or blocking responses that would expose personal identifiers.",Technical Implementation,Agent Access Control Violation,Agent Untraceability,,Medium,P1,"Detected cues: rag, logging, pii, personal data. Mapped primarily to AIVSS core risk 'Agent Access Control Violation' as the most direct agentic failure mode mitigated. Secondary impact likely also reduces: Agent Untraceability."
Control,A006.2,A006,Data & Privacy,A006.2 Config: PII access controls,"- Requiring authentication and authorization for PII access. For example, role-based access controls for PII-containing systems, multi-factor authentication for sensitive data access, or approval-gated access to customer information.",Technical Implementation,Agent Access Control Violation,Agent Untraceability,ASI03,High,P1,"Detected cues: tool, rce, approval, pii, personal data. ASI label inferred: ASI03 (Identity & Privilege Abuse). Mapped primarily to AIVSS core risk 'Agent Access Control Violation' as the most direct agentic failure mode mitigated. Secondary impact likely also reduces: Agent Untraceability."
Control,A006.3,A006,Data & Privacy,A006.3 Config: DLP system integration,- Integrating with existing data loss prevention (DLP) systems to monitor and block outputs containing personal data in violation of policy.,Technical Implementation,Agent Untraceability,,,Medium,P2,"Detected cues: integration, pii, personal data. Mapped primarily to AIVSS core risk 'Agent Untraceability' as the most direct agentic failure mode mitigated."
Requirement,A007,,Data & Privacy,A007: Prevent IP violations,"Implement safeguards and technical controls to prevent AI outputs from violating copyrights, trademarks, or other third-party intellectual property rights",,Agent Supply Chain & Dependency Risk,Agent Untraceability,ASI04,High,OK,IP violation prevention addresses risks from training data and model dependencies containing copyrighted content. Content provenance tracking supports traceability.
Control,A007.1,A007,Data & Privacy,A007.1 Documentation: Model provider IP infringement protections,"- Documenting foundation model provider IP protections which may serve as primary infringement safeguards. For example, indemnification clauses or copyright/trademark guardrails.",Legal Policies,Agent Supply Chain & Dependency Risk,,ASI04,Medium,P1,Detected cues: rag. ASI label inferred: ASI04 (Agentic Supply Chain Vulnerabilities). Mapped primarily to AIVSS core risk 'Agent Supply Chain & Dependency Risk' as the most direct agentic failure mode mitigated.
Control,A007.2,A007,Data & Privacy,A007.2 Config: IP infringement filtering,"- Establishing supplementary content filtering mechanisms where provider protections have gaps or limitations. For example, detecting copyrighted material in outputs, implementing trademark screening.",Technical Implementation,Agent Supply Chain & Dependency Risk,Agent Untraceability,ASI04,High,OK,IP infringement filtering addresses risks from training data containing copyrighted content. Content provenance tracking supports traceability.
Control,A007.3,A007,Data & Privacy,A007.3 Logs: User-facing notices,"- Implementing user guidance and guardrails to reduce IP risk. For example, usage policies that explain prohibited content types, user warnings in product, restricting output generation in known infringement domains.
- Implementing restrictions in AI acceptable use policy.",Technical Implementation,Agent Supply Chain & Dependency Risk,Agent Untraceability,ASI04,High,OK,User-facing IP guidance reduces risk of generating infringing content derived from training data. Notices support traceability.
Requirement,B001,,Security,B001: Third-party testing of adversarial robustness,Implement adversarial testing program to validate system resilience against adversarial inputs and prompt injection attempts in line with adversarial threat taxonomy,,Agent Goal & Instruction Manipulation,Agent Untraceability,ASI01,High,OK,Adversarial testing validates resilience against prompt injection and goal hijacking attacks. Testing records support traceability.
Control,B001.1,B001,Security,B001.1 Report: adversarial testing results,"- Establishing a taxonomy for adversarial risks. For example, drawing on NIST's AI 100-2e2023 attack classifications and aligning these to system architecture and use cases.
- Conducting comprehensive adversarial testing at least quarterly. For example, performing structured red-teaming, prompt injection assessments, jailbreaking attempts, adversarial perturbation testing, semantic manipulation, and simulated malicious tool invocations.
- Maintaining secure testing documentation. For example, recording test cases, methods, outcomes, and system behaviors with restricted access controls, implementing secure storage for sensitive testing materials.
- Establishing improvement processes based on findings. For example, assigning owners and remediation timelines based on test severity, tracking fixes through risk registers or issue management systems, documenting updates to safeguards and procedures.",Third-party Evals,Agent Goal & Instruction Manipulation,,ASI01,High,P2,"Detected cues: prompt injection, jailbreak, rag, tool, eval, testing. ASI label inferred: ASI01 (Agent Goal Hijack). Mapped primarily to AIVSS core risk 'Agent Goal & Instruction Manipulation' as the most direct agentic failure mode mitigated."
Control,B001.2,B001,Security,B001.2 Documentation: Security program integration,"- Aligning adversarial testing with broader security testing programs. For example, integrating AI-specific test cases into broader penetration testing, sharing threat models across red/blue teams, aligning test cycles with security audit and compliance calendars.",Operational Practices,Agent Goal & Instruction Manipulation,Agent Untraceability,ASI01,High,OK,Security program integration for adversarial testing detects goal manipulation attacks (prompt injection). Testing records support traceability.
Requirement,B002,,Security,B002: Detect adversarial input,Implement monitoring capabilities to detect and respond to adversarial inputs and prompt injection attempts,,Agent Goal & Instruction Manipulation,,ASI01,Medium,OK,Detected cues: prompt injection. ASI label inferred: ASI01 (Agent Goal Hijack). Mapped primarily to AIVSS core risk 'Agent Goal & Instruction Manipulation' as the most direct agentic failure mode mitigated.
Control,B002.1,B002,Security,B002.1 Config: Adversarial input detection and alerting,"- Establishing detection and alerting. For example, implementing monitoring for prompt injection patterns, jailbreak techniques, adversarial input attempts, and exceeding rate limits, configuring alerts and threat notifications for suspicious activities.",Technical Implementation,Agent Goal & Instruction Manipulation,,ASI01,Medium,OK,"Detected cues: prompt injection, jailbreak, rate limit. ASI label inferred: ASI01 (Agent Goal Hijack). Mapped primarily to AIVSS core risk 'Agent Goal & Instruction Manipulation' as the most direct agentic failure mode mitigated."
Control,B002.2,B002,Security,B002.2 Logs: Adversarial incident and response,"- Implementing incident logging and response procedures. For example, logging suspected adversarial attacks with relevant context, escalating to designated personnel based on severity, and documenting response actions in a centralized system.",Technical Implementation,Agent Untraceability,Agent Goal & Instruction Manipulation; Agent Memory & Context Manipulation,ASI06,High,OK,Incident logging and response for adversarial attacks provides traceability. Detection of goal manipulation and memory poisoning attempts is secondary.
Control,B002.3,B002,Security,B002.3 Documentation: Updates to detection config,"- Maintaining detection effectiveness through quarterly reviews. For example, updating detection rules based on emerging adversarial techniques, analyzing incident patterns and documenting system improvements.",Technical Implementation,Agent Goal & Instruction Manipulation,Agent Untraceability,ASI01,Medium,OK,Detected cues: prompt injection. ASI label inferred: ASI01 (Agent Goal Hijack). Mapped primarily to AIVSS core risk 'Agent Goal & Instruction Manipulation' as the most direct agentic failure mode mitigated. Secondary impact likely also reduces: Agent Untraceability.
Control,B002.4,B002,Security,B002.4 Config: Pre-processing adversarial detection,"- Implementing adversarial input detection prior to AI model processing where feasible. For example, using pre-processing filters to flag likely threats before model processing.",Technical Implementation,Agent Goal & Instruction Manipulation,,ASI01,Medium,P2,"Detected cues: prompt injection, api. ASI label inferred: ASI01 (Agent Goal Hijack). Mapped primarily to AIVSS core risk 'Agent Goal & Instruction Manipulation' as the most direct agentic failure mode mitigated."
Control,B002.5,B002,Security,B002.5 Config: AI security alerts,"- Integrating adversarial input detection into existing security operations tooling. For example, forwarding flagged inputs to SIEM platforms, correlating detection with authentication and network logs, enabling SOC teams to triage AI-related security events.",Technical Implementation,Agent Untraceability,,ASI01,Medium,P1,"Detected cues: prompt injection, tool, integration. ASI label inferred: ASI01 (Agent Goal Hijack). Mapped primarily to AIVSS core risk 'Agent Goal & Instruction Manipulation' as the most direct agentic failure mode mitigated. Secondary impact likely also reduces: Agent Goal & Instruction Manipulation. ASI→AIVSS bridge used to resolve ambiguity via Appendix A alignment."
Requirement,B003,,Security,B003: Manage public release of technical details,Implement controls to prevent over-disclosure of technical information about AI systems and organizational details that could enable adversarial targeting,,Agent Supply Chain & Dependency Risk,Agent Goal & Instruction Manipulation,ASI04,High,OK,Controlling technical disclosure prevents attackers from learning system architecture to craft targeted attacks. This protects the supply chain by limiting attack surface knowledge. Goal manipulation is secondary as disclosure enables prompt injection attacks.
Control,B003.1,B003,Security,B003.1 Documentation: Technical information disclosure guidelines,"- Documenting limitations on technical information release. For example, limiting public disclosure of model architectures, algorithms, training data details, system configurations, and performance metrics, requiring approval before sharing technical specifications or implementation details.
- Controlling organizational information to balance transparency with security. For example, limiting disclosure of AI team details, development timelines, and other information that could reveal technical capabilities, reviewing public communications for sensitive information.",Operational Practices,Agent Untraceability,,ASI09,High,OK,"Detected cues: disclosure, approval. ASI label inferred: ASI09 (Human-Agent Trust Exploitation). Mapped primarily to AIVSS core risk 'Agent Untraceability' as the most direct agentic failure mode mitigated."
Control,B003.2,B003,Security,B003.2 Documentation: Public disclosure approval records,"- Establishing approval processes. For example, requiring designated review for public content referencing AI capabilities in e.g. publications, presentations, and marketing materials, and documenting approved disclosures with business justification.",Operational Practices,Agent Untraceability,,ASI09,High,OK,"Detected cues: disclosure, approval. ASI label inferred: ASI09 (Human-Agent Trust Exploitation). Mapped primarily to AIVSS core risk 'Agent Untraceability' as the most direct agentic failure mode mitigated."
Requirement,B004,,Security,B004: Prevent AI endpoint scraping,Implement safeguards to prevent probing or scraping of external AI endpoints,,Agentic AI Tool Misuse,Agent Access Control Violation,,High,OK,Preventing endpoint scraping stops misuse of AI APIs as attack tools. Access controls provide additional protection.
Control,B004.1,B004,Security,B004.1 Config: Anomalous usage detection,"- Implementing systems distinguishing between high-volume legitimate usage and adversarial behavior. For example, using behavioral analytics and user profiling to calibrate detection thresholds and prevent false positives against trusted users.",Technical Implementation,Agentic AI Tool Misuse,Agent Memory & Context Manipulation; Insecure Agent Critical Systems Interaction,ASI02,Medium,P1,"Detected cues: tool, api, scraping, rate limit. ASI label inferred: ASI02 (Tool Misuse & Exploitation). Mapped primarily to AIVSS core risk 'Agentic AI Tool Misuse' as the most direct agentic failure mode mitigated. Secondary impact likely also reduces: Agent Memory & Context Manipulation, Insecure Agent Critical Systems Interaction."
Control,B004.2,B004,Security,B004.2 Config: Rate limits,"- Implementing rate limiting and query restrictions. For example, establishing per-user quotas to prevent model extraction, blocking excessive query patterns, implementing progressive restrictions for suspicious behavior, or using economic disincentives for high-volume usage.",Technical Implementation,Agentic AI Tool Misuse,,ASI02,High,OK,"Detected cues: tool, api, scraping, rate limit, quota. ASI label inferred: ASI02 (Tool Misuse & Exploitation). Mapped primarily to AIVSS core risk 'Agentic AI Tool Misuse' as the most direct agentic failure mode mitigated."
Control,B004.3,B004,Security,B004.3 Report: External pentest of AI endpoints,"- Conducting simulated external attack testing of AI endpoints. For example, performing automated attack simulations, testing endpoint protection effectiveness against high-volume and distributed attacks, and documenting methodologies appropriate to organizational threat profile.",Technical Implementation,Agent Supply Chain & Dependency Risk,,ASI04,Medium,OK,"Detected cues: api, rce, scraping, rate limit, testing. ASI label inferred: ASI04 (Agentic Supply Chain Vulnerabilities). Mapped primarily to AIVSS core risk 'Agent Supply Chain & Dependency Risk' as the most direct agentic failure mode mitigated."
Control,B004.4,B004,Security,B004.4 Documentation: Vulnerability remediation,"- Maintaining endpoint security through remediation. For example, tracking identified vulnerabilities, implementing protective measures based on testing outcomes, and regularly updating endpoint defenses and detection thresholds.",Technical Implementation,Insecure Agent Critical Systems Interaction,Agent Untraceability,,Medium,P1,"Detected cues: api, scraping, testing, approval. Mapped primarily to AIVSS core risk 'Insecure Agent Critical Systems Interaction' as the most direct agentic failure mode mitigated. Secondary impact likely also reduces: Agent Untraceability."
Requirement,B005,,Security,B005: Implement real-time input filtering,Implement real-time input filtering using automated moderation tools,,Agent Goal & Instruction Manipulation,Agent Untraceability,,High,OK,Input filtering primarily mitigates prompt injection and goal hijacking attacks. Logging of filtered inputs supports traceability.
Control,B005.1,B005,Security,B005.1 Config: Input filtering,"- Integrating automated moderation tools to filter inputs before they reach the foundation model. For example, integrating third-party moderation APIs, implementing custom filtering rules, configuring blocking or warning actions for flagged content, and establishing confidence thresholds based on risk category and severity",Technical Implementation,Agent Goal & Instruction Manipulation,Agent Untraceability,ASI04,High,OK,"Automated moderation tools detect and block prompt injection attempts, mitigating goal manipulation."
Control,B005.2,B005,Security,B005.2 Documentation: Input moderation approach,"- Documenting the moderation logic and rationale. For example, explaining chosen moderation tools, threshold justifications, and decision criteria for different risk categories.",Technical Implementation,Agent Goal & Instruction Manipulation,Agent Untraceability,,High,OK,Documentation of moderation approach supports accountability and refinement of goal manipulation defenses.
Control,B005.3,B005,Security,B005.3 Demonstration: Warning for blocked inputs,Providing feedback to users when inputs are blocked.,Technical Implementation,Agent Goal & Instruction Manipulation,Agent Untraceability,,High,OK,User warnings for blocked inputs provide transparency about goal manipulation defense mechanisms.
Control,B005.4,B005,Security,B005.4 Logs: Input filtering,"- Logging flagged prompts for analysis and refinement of filters, while ensuring compliance with privacy obligations.",Technical Implementation,Agent Untraceability,,,High,OK,"Detected cues: tool, logging, audit, disclosure. Mapped primarily to AIVSS core risk 'Agent Untraceability' as the most direct agentic failure mode mitigated."
Control,B005.5,B005,Security,B005.5 Documentation: Input filter performance,"- Periodically evaluating filter performance and adjusting thresholds accordingly. For example, accuracy, latency, false positives/negatives.",Technical Implementation,Agent Goal & Instruction Manipulation,Agent Untraceability,,High,OK,Filter performance monitoring ensures prompt injection defenses remain effective over time.
Requirement,B006,,Security,B006: Prevent unauthorized AI agent actions,Implement safeguards to limit AI agent system access based on context and declared objectives,,Agent Memory & Context Manipulation,,ASI06,Medium,OK,Detected cues: context. ASI label inferred: ASI06 (Memory & Context Poisoning). Mapped primarily to AIVSS core risk 'Agent Memory & Context Manipulation' as the most direct agentic failure mode mitigated.
Control,B006.1,B006,Security,B006.1 Config: Agent service access restrictions,"- Implementing technical restrictions that limit agent capabilities to authorized scope. For example, restricting agent access to approved backend services and APIs, enforcing network segmentation or API gateway rules, or implementing service-level authorization preventing access to sensitive systems.",Technical Implementation,Agent Access Control Violation,,ASI03,High,OK,Detected cues: api. ASI label inferred: ASI03 (Identity & Privilege Abuse). Mapped primarily to AIVSS core risk 'Agent Access Control Violation' as the most direct agentic failure mode mitigated.
Control,B006.2,B006,Security,B006.2 Config: Agent security monitoring and alerting,"- Deploying monitoring and alerting for agent actions that exceed security boundaries. For example, logging all agent service interactions, alerting on access attempts to unauthorized systems or APIs, or anomaly detection flagging unusual connection patterns.",Technical Implementation,Agent Untraceability,Agent Access Control Violation,,Medium,OK,"Detected cues: api, logging. Mapped primarily to AIVSS core risk 'Agent Untraceability' as the most direct agentic failure mode mitigated. Secondary impact likely also reduces: Agent Access Control Violation."
Requirement,B007,,Security,B007: Enforce user access privileges to AI systems,Establish and maintain user access controls and admin privileges for AI systems in line with policy,,Agent Access Control Violation,Agent Untraceability,ASI03,High,OK,User access controls and privilege management directly prevent unauthorized access to AI systems. Audit trails support traceability of access changes.
Control,B007.1,B007,Security,B007.1 Config: User access controls,"- Implementing system-level access controls tailored to AI systems. For example, using role-based or attribute-based access to restrict access to model configuration, training datasets, tool-calling capabilities, or prompt logs, based on job function and system sensitivity.
- Restricting administrative and configuration privileges to authorized personnel. For example, limiting ability to alter system behavior, tools, or models.",Technical Implementation,Agent Access Control Violation,Agent Untraceability,ASI03,High,OK,"Detected cues: tool, rce. ASI label inferred: ASI03 (Identity & Privilege Abuse). Mapped primarily to AIVSS core risk 'Agent Access Control Violation' as the most direct agentic failure mode mitigated. Secondary impact likely also reduces: Agent Untraceability."
Control,B007.2,B007,Security,B007.2 Documentation: Access reviews,"- Conducting access reviews and updates at least quarterly. For example, validating access assignments, updating based on policy or role changes,  documenting access changes with AI-specific context (e.g. model access justification, changes to agent capability boundaries, or access to sensitive prompt/response history).",Operational Practices,Agent Access Control Violation,Agent Untraceability,ASI06,Medium,P1,"Detected cues: context, rce. ASI label inferred: ASI06 (Memory & Context Poisoning). Mapped primarily to AIVSS core risk 'Agent Memory & Context Manipulation' as the most direct agentic failure mode mitigated. Secondary impact likely also reduces: Agent Memory & Context Manipulation, Agent Untraceability. ASI→AIVSS bridge used to resolve ambiguity via Appendix A alignment."
Requirement,B008,,Security,B008: Protect model deployment environment,"Implement security measures for AI model deployment environments including encryption, access controls and authorization",,Agent Access Control Violation,,ASI03,Medium,OK,ASI label inferred: ASI03 (Identity & Privilege Abuse). Mapped primarily to AIVSS core risk 'Agent Access Control Violation' as the most direct agentic failure mode mitigated.
Control,B008.1,B008,Security,B008.1 Config: Model access controls,"- Implementing model access protection. For example, restricting access to production AI models based on job function and operational need, implementing MFA for model system access, maintaining user access reviews appropriate to organizational size.",Technical Implementation,Agent Access Control Violation,,ASI03,High,OK,ASI label inferred: ASI03 (Identity & Privilege Abuse). Mapped primarily to AIVSS core risk 'Agent Access Control Violation' as the most direct agentic failure mode mitigated.
Control,B008.2,B008,Security,B008.2 Config: API deployment security,"- Establishing deployment security controls. For example, applying scoped API tokens or signed requests, using TLS for all endpoint traffic, implementing schema validation to protect model APIs from malformed or adversarial input.",Technical Implementation,Agent Access Control Violation,,ASI03,High,OK,"Detected cues: api, token. ASI label inferred: ASI03 (Identity & Privilege Abuse). Mapped primarily to AIVSS core risk 'Agent Access Control Violation' as the most direct agentic failure mode mitigated."
Control,B008.3,B008,Security,B008.3 Config: Model hosting security,"- Securing model hosting environments. For example, using up-to-date and minimal container images, scanning for known vulnerabilities in dependencies and base images, and applying infrastructure-level isolation techniques based on risk level (e.g. container namespaces, VM separation, or dedicated GPU access).",Technical Implementation,Agent Access Control Violation,Insecure Agent Critical Systems Interaction,ASI03,High,OK,Detected cues: container. ASI label inferred: ASI03 (Identity & Privilege Abuse). Mapped primarily to AIVSS core risk 'Agent Access Control Violation' as the most direct agentic failure mode mitigated. Secondary impact likely also reduces: Insecure Agent Critical Systems Interaction.
Control,B008.4,B008,Security,B008.4 Config: Model integrity verification,"- Verifying model integrity before and during deployment. For example, using cryptographic checksums or signed artifacts to detect tampering, scanning model files for malicious payloads.",Technical Implementation,Agent Access Control Violation,Agent Untraceability; Agent Supply Chain & Dependency Risk,ASI03,Medium,P1,"Detected cues: tool. ASI label inferred: ASI03 (Identity & Privilege Abuse). Mapped primarily to AIVSS core risk 'Agent Access Control Violation' as the most direct agentic failure mode mitigated. Secondary impact likely also reduces: Agent Untraceability, Agent Supply Chain & Dependency Risk."
Requirement,B009,,Security,B009: Limit output over-exposure,Implement output limitations and obfuscation techniques to safeguard against information leakage,,Agent Memory & Context Manipulation,Agent Untraceability,,High,OK,Output obfuscation prevents cross-user/session data leakage through agent memory. Audit trails provide traceability.
Control,B009.1,B009,Security,B009.1 Config: Output volume limits,"- Reducing or limiting the number of results shown in outputs to relevant only to balance security and utility. For example, character limits, limits on inference time.",Technical Implementation,Agent Access Control Violation,Agent Identity Impersonation,ASI03,Medium,P2,Detected cues: token. ASI label inferred: ASI03 (Identity & Privilege Abuse). Mapped primarily to AIVSS core risk 'Agent Access Control Violation' as the most direct agentic failure mode mitigated. Secondary impact likely also reduces: Agent Identity Impersonation.
Control,B009.2,B009,Security,B009.2 Demonstration: User output notices,- Providing user-facing notices or documentation about output limitations.,Operational Practices,Agent Untraceability,Agent Memory & Context Manipulation,,High,OK,"User notices about output limitations provide transparency into agent behavior, supporting traceability. Secondary impact on memory context leakage prevention."
Control,B009.3,B009,Security,B009.3 Config: Output precision controls,"- Limiting the fidelity of model outputs in certain use cases. For example, applying output rounding, threshold bands, or obfuscation techniques to reduce the risk of model inversion.",Technical Implementation,Agent Memory & Context Manipulation,Agent Untraceability,,Medium,P2,Detected cues: disclosure. Mapped primarily to AIVSS core risk 'Agent Identity Impersonation' as the most direct agentic failure mode mitigated. Secondary impact likely also reduces: Agent Untraceability.
Requirement,C001,,Safety,C001: Define AI risk taxonomy,"Establish a risk taxonomy that categorizes risks within harmful, out-of-scope, and hallucinated outputs, tool calls, and other risks based on application-specific usage",,Agent Goal & Instruction Manipulation,Agentic AI Tool Misuse,,High,OK,"Risk taxonomy defines boundaries for acceptable agent behavior, helping detect goal manipulation. Tool call risks are secondary."
Control,C001.1,C001,Safety,C001.1 Documentation: AI risk taxonomy,"- Defining risk categories with severity levels and examples based on industry and deployment context. For example, classifying harmful outputs such as distressed outputs, angry responses, high-risk advice, offensive content, bias, and deception, identifying other high-risk use cases such as safety-critical instructions, legal recommendations, financial advice.
- Aligning risk taxonomy with external frameworks and standards.
- Establishing severity grading appropriate to organizational context and risk tolerance. For example, implementing consistent scoring methodology across risk categories, defining thresholds for flagging and human review.",Operational Practices,Agent Goal & Instruction Manipulation,Agent Memory & Context Manipulation; Agent Untraceability,ASI01,High,OK,"Risk taxonomy defines acceptable agent behavior boundaries, helping detect goal manipulation. Memory context and traceability are secondary benefits."
Control,C001.2,C001,Safety,C001.2 Documentation: Risk taxonomy reviews,"- Maintaining taxonomy currency with documented change management. For example, updating based on emerging threats or incidents.",Operational Practices,Agent Untraceability,,,Medium,OK,"Detected cues: tool, audit, change management, approval. Mapped primarily to AIVSS core risk 'Agent Untraceability' as the most direct agentic failure mode mitigated."
Requirement,C002,,Safety,C002: Conduct pre-deployment testing,Conduct internal testing of AI systems prior to deployment across risk categories for system changes requiring formal review or approval,,Agent Supply Chain & Dependency Risk,Agent Untraceability,,High,OK,"Pre-deployment testing validates system integrity before deployment, addressing supply chain risks. Documentation supports traceability."
Control,C002.1,C002,Safety,C002.1 Documentation: Pre-deployment test and approval records,"- Conducting pre-deployment testing with documented results and identified issues. For example, structured hallucination testing, adversarial prompting, safety unit tests, and scenario-based walkthroughs.
- Completing risk assessments of identified issues before system deployment. For example, potential impact analysis, mitigation strategies, and residual risk evaluation.
- Obtaining approval sign-offs from designated accountable. For example, documented rationale for approval decisions and maintained records for review purposes.",Technical Implementation,Agent Supply Chain & Dependency Risk,Agent Untraceability,ASI04,High,OK,"Pre-deployment testing validates system integrity before deployment, addressing supply chain risks. Documentation supports traceability."
Control,C002.2,C002,Safety,C002.2 Config: SDLC integration,"- Integrating AI system testing into established software development lifecycle (SDLC) gates. For example, including threat modelling and risk evaluation during design phases, requiring risk evaluation and sign-off at staging or pre-production milestones, aligning with CI/CD or MLOps pipelines, and documenting test artefacts in shared repositories.""",Technical Implementation,Agent Supply Chain & Dependency Risk,Agent Untraceability,ASI04,High,OK,"SDLC integration validates AI systems through established gates, addressing supply chain integrity. Documentation supports traceability."
Control,C002.3,C002,Safety,C002.3 Documentation: Vulnerability scan results,"- Implementing pre-deployment vulnerability scanning of AI artifacts and dependencies. For example, scanning AI models and ML libraries for security vulnerabilities, validating runtime behavior for unsafe operations, and analyzing outputs for harmful content before deployment.",Technical Implementation,Agent Supply Chain & Dependency Risk,Insecure Agent Critical Systems Interaction,ASI04,Medium,OK,Vulnerability scanning of AI artifacts and dependencies addresses supply chain risks. Critical systems interaction is secondary.
Requirement,C003,,Safety,C003: Prevent harmful outputs,"Implement safeguards or technical controls to prevent harmful outputs including distressed outputs, angry responses, high-risk advice, offensive content, bias, and deception",,Agent Goal & Instruction Manipulation,Insecure Agent Critical Systems Interaction,,High,OK,Harmful output prevention directly addresses goal manipulation attacks that attempt to elicit dangerous content. Critical systems interaction is secondary.
Control,C003.1,C003,Safety,C003.1 Config: Harmful output filtering,"- Implementing content filtering for harmful output types. For example, detecting and blocking distressed responses, angry language, offensive content, biased statements, and deceptive information.",Technical Implementation,Agent Goal & Instruction Manipulation,Insecure Agent Critical Systems Interaction,ASI04,High,OK,Technical guardrails block attempts to manipulate agent goals toward generating harmful content.
Control,C003.2,C003,Safety,C003.2 Config: Guardrails for high-risk advice,"- Implementing guardrails for advice generation. For example, restricting high-risk recommendations in sensitive domains, requiring disclaimers for guidance.",Technical Implementation,Agent Goal & Instruction Manipulation,,,High,OK,Documentation of harmful output categories supports consistent goal manipulation detection.
Control,C003.3,C003,Safety,C003.3 Config: Guardrails for biased outputs,"- Implementing bias detection and mitigation controls. For example, monitoring for discriminatory patterns, implementing fairness checks in outputs.",Technical Implementation,Agent Untraceability,,,High,OK,"Detected cues: tool, eval, testing. Mapped primarily to AIVSS core risk 'Agent Untraceability' as the most direct agentic failure mode mitigated."
Control,C003.4,C003,Safety,C003.4 Documentation: Filtering performance benchmarks,- Evaluating harm mitigation controls using performance metrics.,Operational Practices,Agent Goal & Instruction Manipulation,Agent Untraceability,,High,OK,"Quality evaluation of RAG/grounding techniques validates citation accuracy, addressing goal manipulation that could produce misleading citations."
Requirement,C004,,Safety,C004: Prevent out-of-scope outputs,"Implement safeguards or technical controls to prevent out-of-scope outputs (e.g. political discussion, healthcare advice)",,Agent Goal & Instruction Manipulation,Agent Untraceability,ASI01,High,OK,"Preventing out-of-scope outputs constrains agent behavior within defined boundaries, directly addressing goal manipulation where attackers try to elicit unauthorized content."
Control,C004.1,C004,Safety,C004.1 Config: out-of-scope guardrails,"- Detecting and blocking out-of-scope requests. For example, detecting conversations outside intended use cases, blocking prohibited topics, providing redirection messages when users hit boundaries, and escalating or restricting access for repeated violations.",Technical Implementation,Agent Access Control Violation,Agent Identity Impersonation,,Medium,P1,Detected cues: system prompt. Mapped primarily to AIVSS core risk 'Agent Access Control Violation' as the most direct agentic failure mode mitigated. Secondary impact likely also reduces: Agent Identity Impersonation.
Control,C004.2,C004,Safety,C004.2 Logs: Out-of-scope attempts,"- Tracking out-of-scope violations and updating boundaries. For example, logging boundary violations, adjusting restrictions based on misuse patterns.",Technical Implementation,Agent Untraceability,,,High,OK,Detected cues: logging. Mapped primarily to AIVSS core risk 'Agent Untraceability' as the most direct agentic failure mode mitigated.
Control,C004.3,C004,Safety,C004.3 Demonstration: User guidance on scope,"- Providing user guidance on system capabilities and limitations. For example, communicating what the AI system can and cannot do, intended use cases, and topics or requests outside the system's scope.",Technical Implementation,Agent Access Control Violation,Agent Identity Impersonation; Agent Untraceability,,High,OK,"Role-based access controls for AI tooling prevent unauthorized access, directly addressing access control violations. Audit trails support traceability."
Requirement,C005,,Safety,C005: Prevent customer-defined high risk outputs,Implement safeguards or technical controls to prevent additional high risk outputs as defined in risk taxonomy,,Agent Goal & Instruction Manipulation,Agent Cascading Failures,ASI01,High,OK,Preventing high-risk outputs as defined in risk taxonomy constrains agent goal execution. Cascading failures are secondary when harmful outputs propagate.
Control,C005.1,C005,Safety,C005.1 Config: Risk detection and response,"- Implementing detection and blocking mechanisms aligned with organizational risk taxonomy. For example, deploying filtering based on defined risk categories and severity thresholds.
- Implementing response actions for detected risks. For example, blocking high-severity outputs, flagging medium-risk content for review, logging violations for monitoring and analysis.",Technical Implementation,Agent Untraceability,,,Medium,P2,"Detected cues: api, logging. Mapped primarily to AIVSS core risk 'Agent Untraceability' as the most direct agentic failure mode mitigated."
Control,C005.2,C005,Safety,C005.2 Documentation: Human review workflows,"- Establishing escalation procedures for flagged high-risk content. For example, defining when human review is required and establishing approval workflows for edge cases.",Technical Implementation,Agent Untraceability,,,High,OK,Approval workflows with documented decisions provide traceability for access control changes.
Control,C005.3,C005,Safety,C005.3 Config: Automated response mechanisms,"- Implementing automated real-time interventions. For example, blocking or modifying outputs based on severity.",Technical Implementation,Agent Cascading Failures,,,High,OK,Fallback mechanisms prevent failures from cascading when primary agent components fail.
Requirement,C006,,Safety,C006: Prevent output vulnerabilities,Implement safeguards to prevent security vulnerabilities in outputs from impacting users,,Insecure Agent Critical Systems Interaction,Agent Cascading Failures,ASI05,High,OK,"Preventing security vulnerabilities in outputs (e.g., code injection, XSS) protects critical systems from agent-generated exploits. Cascading failures are secondary."
Control,C006.1,C006,Safety,C006.1 Config: Output sanitization,"- Establishing output sanitization and validation procedures before presenting content to users. For example, encoding or stripping potentially malicious content, validating structured outputs against safe schemas, blocking unsafe URLs, and enforcing secure rendering modes.",Technical Implementation,Insecure Agent Critical Systems Interaction,,ASI05,Medium,OK,"Detected cues: api, shell. ASI label inferred: ASI05 (Unexpected Code Execution (RCE)). Mapped primarily to AIVSS core risk 'Insecure Agent Critical Systems Interaction' as the most direct agentic failure mode mitigated."
Control,C006.2,C006,Safety,C006.2 Demonstration: Warning labels for untrusted content,"- Implementing security labeling and content handling based on trust level. For example, marking untrusted or third-party content, distinguishing external data from system-generated content, and applying differentiated security controls based on content source.",Technical Implementation,Agent Supply Chain & Dependency Risk,Agent Untraceability,ASI04,Medium,OK,"Detected cues: rce, label. ASI label inferred: ASI04 (Agentic Supply Chain Vulnerabilities). Mapped primarily to AIVSS core risk 'Agent Supply Chain & Dependency Risk' as the most direct agentic failure mode mitigated. Secondary impact likely also reduces: Agent Untraceability."
Control,C006.3,C006,Safety,C006.3 Config: Adversarial output detection,"- Detecting advanced output-based attack patterns. For example, identifying prompt injection attempts, model subversion techniques, payloads targeting downstream systems, or obfuscated exploits designed to bypass filters.",Technical Implementation,Agent Goal & Instruction Manipulation,Insecure Agent Critical Systems Interaction,ASI01,High,P1,"Detected cues: prompt injection, jailbreak, token. ASI label inferred: ASI01 (Agent Goal Hijack). Mapped primarily to AIVSS core risk 'Agent Goal & Instruction Manipulation' as the most direct agentic failure mode mitigated. Secondary impact likely also reduces: Insecure Agent Critical Systems Interaction."
Requirement,C007,,Safety,C007: Flag high risk outputs,Implement an alerting system that flags high-risk outputs for human review,,Agent Cascading Failures,Agent Untraceability,ASI08,High,OK,"Flagging high-risk outputs for human review prevents harmful agent outputs from propagating into downstream systems or decisions, directly addressing cascading failures. Audit trails support traceability."
Control,C007.1,C007,Safety,C007.1 Documentation: Definition of high-risk recommendations criteria,- Defining high-risk output criteria drawing on risk taxonomy.,Operational Practices,Agent Untraceability,,,Medium,OK,Mapped primarily to AIVSS core risk 'Agent Untraceability' as the most direct agentic failure mode mitigated.
Control,C007.2,C007,Safety,C007.2 Config: High-risk detection mechanisms,"- Implementing automated detection mechanisms for high-risk outputs. For example, using content filtering, risk scoring, or classification models to identify outputs requiring review or flagging.",Technical Implementation,Insecure Agent Critical Systems Interaction,,,High,OK,Automated risk detection mechanisms identify threats to critical systems from agent interactions.
Control,C007.3,C007,Safety,C007.3 Documentation: Human review workflows,"- Establishing human review workflows for flagged high-risk outputs. For example, assigning reviewers, defining escalation procedures for complex cases, managing review queues with response time tracking, and documenting review decisions.",Operational Practices,Agent Untraceability,,,Medium,P2,Mapped primarily to AIVSS core risk 'Agent Untraceability' as the most direct agentic failure mode mitigated.
Requirement,C008,,Safety,C008: Monitor AI risk categories,Implement monitoring of AI systems across risk categories,,Agent Untraceability,Agent Goal & Instruction Manipulation,ASI10,High,OK,"Monitoring AI systems across risk categories provides visibility into agent behavior, directly addressing untraceability. Detecting behavioral drift also helps identify goal manipulation."
Control,C008.1,C008,Safety,C008.1 Logs: AI risk monitoring,"- Establishing ongoing monitoring of AI outputs across risk categories. For example, conducting regular evaluations prioritized by risk severity, sampling outputs for review, and tracking system behavior patterns.",Technical Implementation,Agent Untraceability,,ASI10,High,OK,"Detected cues: tool, logging, eval. ASI label inferred: ASI10 (Rogue Agents). Mapped primarily to AIVSS core risk 'Agent Untraceability' as the most direct agentic failure mode mitigated."
Control,C008.2,C008,Safety,C008.2 Documentation: Monitoring findings,"- Maintaining documentation. For example, recording identified scenarios with clear examples, updating risk taxonomy based on monitoring findings and incidents.",Technical Implementation,Agent Untraceability,,,High,OK,Mapped primarily to AIVSS core risk 'Agent Untraceability' as the most direct agentic failure mode mitigated.
Control,C008.4,C008,Safety,C008.4 Config: Security tooling,"- Integrating AI output monitoring with existing security tools. For example, forwarding alerts and flagged outputs to SIEM platforms, applying standard logging formats (e.g. JSON, syslog) to support automated threat detection workflows.",Technical Implementation,Agent Untraceability,,,Medium,P2,"Detected cues: tool, integration, logging. Mapped primarily to AIVSS core risk 'Agent Untraceability' as the most direct agentic failure mode mitigated."
Requirement,C009,,Safety,C009: Enable real-time feedback and intervention,Implement mechanisms to enable real-time user feedback collection and intervention mechanisms,,Agent Cascading Failures,Agent Goal & Instruction Manipulation,ASI08,High,OK,Real-time intervention mechanisms (stop/pause/redirect) allow users to halt harmful agent behavior before it cascades. Goal manipulation is secondary as interventions can stop hijacked agents.
Control,C009.1,C009,Safety,C009.1 Demonstration: User intervention mechanisms,"- Enabling user intervention capabilities. For example, providing mechanisms for users to pause, stop, or redirect system behavior, implementing feedback collection tools for users to report issues or concerns, ensuring technical controls persist across devices and interaction contexts.
- Ensuring accessibility of feedback and intervention mechanisms. For example, adhering to WCAG 2.1 standards for color contrast, screen reader compatibility, keyboard navigation, and clear messaging for users with disabilities.",Technical Implementation,Agent Cascading Failures,Agent Untraceability,ASI08,High,OK,User intervention controls (stop/pause/redirect) allow immediate halting of harmful agent behavior before cascading. Audit trails of interventions support traceability.
Control,C009.2,C009,Safety,C009.2 Documentation: User feedback & intervention reviews,"- Reviewing user feedback and intervention logs regularly. For example, evaluating patterns in interventions, adapting communication methods based on user needs and emerging risk considerations.
- Analyzing collected feedback using structured methodologies. For example, categorizing by risk domain, prioritizing based on frequency and severity,  routing high-impact or repeat issues into product backlog or compliance workflows.",Operational Practices,Agent Untraceability,,,High,P2,"Detected cues: integration, eval. Mapped primarily to AIVSS core risk 'Agent Untraceability' as the most direct agentic failure mode mitigated."
Requirement,C010,,Safety,C010: Third-party testing for harmful outputs,"Appoint expert third parties to evaluate system robustness to harmful outputs including distressed outputs, angry responses, high-risk advice, offensive content, bias, and deception at least every 3 months",,Agent Goal & Instruction Manipulation,Agent Untraceability,ASI01,High,OK,Third-party testing for harmful outputs validates defenses against goal manipulation attacks that produce dangerous content. Testing records support traceability.
Control,C010.1,C010,Safety,C010.1 Report: Harmful output testing,"- Appointing qualified third-party assessors. Including selecting assessors with relevant technical capabilities for identified risk areas, maintaining records of assessor qualifications and independence.
- Conducting regular testing. Including performing assessments of harmful outputs at least every quarter, defining testing scope and methodologies based on risk classifications and industry benchmarks like ToxiGen, coordinating with internal security and testing teams.
- Maintaining documentation. Including testing scope, results, and remediation actions taken, tracking follow-up activities and resolution timelines.",Third-party Evals,Agent Goal & Instruction Manipulation,Agent Untraceability,ASI01,High,OK,Third-party testing for harmful outputs validates defenses against goal manipulation attacks that produce dangerous content. Testing records support traceability.
Requirement,C011,,Safety,C011: Third-party testing for out-of-scope outputs,"Appoint expert third parties to evaluate system robustness to out-of-scope outputs at least every 3 months (e.g. political discussion, healthcare advice)",,Agent Goal & Instruction Manipulation,Agent Untraceability,ASI01,High,OK,Third-party testing for out-of-scope outputs validates defenses against goal manipulation that elicits unauthorized content. Testing records support traceability.
Control,C011.1,C011,Safety,C011.1 Report: Out-of-scope output testing,"- Appointing qualified third-party assessors. Including selecting assessors with relevant technical capabilities for identified risk areas, maintaining records of assessor qualifications and independence.
- Conducting regular testing. Including defining testing scope and methodologies based on risk taxonomy and performing assessments of out-of-scope outputs at least every quarter. 
- Maintaining documentation. Including testing scope, results, and remediation actions taken, tracking follow-up activities and resolution timelines.",Third-party Evals,Agent Goal & Instruction Manipulation,Agent Untraceability,ASI01,High,OK,Third-party testing for out-of-scope outputs validates defenses against goal manipulation that elicits unauthorized content. Testing records support traceability.
Requirement,C012,,Safety,C012: Third-party testing for customer-defined risk,Appoint expert third-parties to evaluate system robustness to additional high-risk outputs as defined in risk taxonomy at least every 3 months,,Agent Supply Chain & Dependency Risk,,ASI04,Medium,OK,"Detected cues: eval, testing. ASI label inferred: ASI04 (Agentic Supply Chain Vulnerabilities). Mapped primarily to AIVSS core risk 'Agent Supply Chain & Dependency Risk' as the most direct agentic failure mode mitigated."
Control,C012.1,C012,Safety,C012.1 Third-party evaluation report assessing customer-defined risk,"- Appointing qualified third-party assessors. Including selecting assessors with relevant technical capabilities for identified risk areas, maintaining records of assessor qualifications and independence.
- Conducting regular testing. Including defining testing scope and methodologies based on risk taxonomy and performing assessments of high-risk areas at least every quarter.
- Maintaining documentation. Including testing scope, results, and remediation actions taken, tracking follow-up activities and resolution timelines.",Third-party Evals,Agent Supply Chain & Dependency Risk,Agent Access Control Violation; Agent Untraceability,ASI04,Medium,P1,"Detected cues: eval, testing. ASI label inferred: ASI04 (Agentic Supply Chain Vulnerabilities). Mapped primarily to AIVSS core risk 'Agent Supply Chain & Dependency Risk' as the most direct agentic failure mode mitigated. Secondary impact likely also reduces: Agent Access Control Violation, Agent Untraceability."
Requirement,D001,,Reliability,D001: Prevent hallucinated outputs,Implement safeguards or technical controls to prevent hallucinated outputs,,Agent Cascading Failures,Agent Untraceability,,High,OK,"Hallucination prevention stops false information from propagating through agent chains, preventing cascading failures."
Control,D001.1,D001,Reliability,D001.1 Config: Groundedness filter,"- Implementing factual accuracy controls. For example, deploying available fact-checking mechanisms, flagging uncertain or low-confidence responses.",Technical Implementation,Agent Cascading Failures,Agent Untraceability,ASI06,High,OK,RAG/grounding techniques prevent hallucinated information from cascading through agent workflows.
Control,D001.2,D001,Reliability,D001.2 Demonstration: User-facing citations & source attributions,"- Establishing information source validation. For example, requiring citations for factual claims, implementing source reliability checks.",Technical Implementation,Agent Cascading Failures,Agent Untraceability,,High,OK,"Citation requirements enable tracing of information sources, supporting cascade prevention and audit."
Control,D001.3,D001,Reliability,D001.3 Demonstration: User-facing uncertainty labels,"- Maintaining uncertainty communication. For example, displaying confidence levels, providing appropriate disclaimers for generated information.",Technical Implementation,Agent Untraceability,Agent Cascading Failures,,High,OK,"Output labeling provides transparency into AI-generated content, supporting traceability. Prevention of cascading errors is secondary."
Requirement,D002,,Reliability,D002: Third-party testing for hallucinations,Appoint expert third-parties to evaluate hallucinated outputs at least every 3 months,,Agent Cascading Failures,Agent Untraceability,ASI08,High,OK,Third-party hallucination testing detects false outputs before they cascade into user decisions. Testing records support traceability.
Control,D002.1,D002,Reliability,D002.1 Report: Hallucination testing results,"- Appointing qualified third-party assessors. Including selecting assessors with relevant technical capabilities for identified risk areas, maintaining records of assessor qualifications and independence.
- Conducting regular testing. Including defining testing scope and methodologies based on risk taxonomy and performing assessments at least every quarter.
- Maintaining documentation. Including testing scope, results, and remediation actions taken, tracking follow-up activities and resolution timelines.",Third-party Evals,Agent Cascading Failures,Agent Untraceability,ASI08,High,OK,Third-party hallucination testing detects false outputs before they cascade into user decisions. Testing records support traceability.
Requirement,D003,,Reliability,D003: Restrict unsafe tool calls,"Implement safeguards or technical controls to prevent tool calls in AI systems from executing unauthorized actions, accessing restricted information, or making decisions beyond their intended scope",,Agentic AI Tool Misuse,Agent Access Control Violation,ASI02,High,OK,Safeguards preventing unauthorized tool calls directly address agentic tool misuse. Access controls are secondary.
Control,D003.1,D003,Reliability,D003.1 Config: Tool authorization & validation,"- Implementing function call validation and authorization. For example, restricting tool access to approved functions, validating parameters before execution.",Technical Implementation,Agent Access Control Violation,Agentic AI Tool Misuse,ASI03,High,P1,Detected cues: tool. ASI label inferred: ASI03 (Identity & Privilege Abuse). Mapped primarily to AIVSS core risk 'Agent Access Control Violation' as the most direct agentic failure mode mitigated. Secondary impact likely also reduces: Agentic AI Tool Misuse.
Control,D003.2,D003,Reliability,D003.2 Config: Rate limits for tools,- Enforcing rate limits and transaction caps for autonomous tool use.,Technical Implementation,Agentic AI Tool Misuse,Agent Access Control Violation,,High,OK,"Rate limits and transaction caps prevent excessive tool calls, directly addressing tool misuse. Access controls are secondary."
Control,D003.3,D003,Reliability,D003.3 Config: Tool call log,"- Establishing execution monitoring and logging. For example, tracking all tool calls, monitoring for unauthorized access attempts or scope violations.",Technical Implementation,Agentic AI Tool Misuse,Agent Untraceability; Agent Access Control Violation,,Medium,P1,"Detected cues: tool, logging, audit. Mapped primarily to AIVSS core risk 'Agentic AI Tool Misuse' as the most direct agentic failure mode mitigated. Secondary impact likely also reduces: Agent Untraceability, Agent Access Control Violation."
Control,D003.4,D003,Reliability,D003.4 Config: Human-approval workflows,"- Requiring human approval for sensitive tool operations. For example, requiring human confirmation before executing high-risk actions, implementing approval workflows for operations beyond autonomous boundaries.",Operational Practices,Agentic AI Tool Misuse,Agent Access Control Violation; Agent Untraceability,,High,OK,Human approval workflows for sensitive tool operations prevent misuse of high-risk capabilities. Access controls and audit trails are secondary.
Control,D003.5,D003,Reliability,D003.5 Documentation: tool call log reviews,"- Reviewing patterns of AI tool usage. For example, identifying anomalies, updating tool permissions, and retiring unused or high-risk functions during scheduled evaluations.",Operational Practices,Agentic AI Tool Misuse,Agent Access Control Violation; Agent Untraceability,ASI03,Medium,OK,"Reviewing patterns of AI tool usage identifies anomalies and informs permission updates, addressing tool misuse. Access control and audit are secondary."
Requirement,D004,,Reliability,D004: Third-party testing of tool calls,"Appoint expert third-parties to evaluate tool calls in AI systems, including executing unauthorized actions, accessing restricted information, or making decisions beyond their intended scope at least every 3 months",,Agentic AI Tool Misuse,Agent Access Control Violation,ASI02,High,OK,Third-party testing of tool calls validates defenses against unauthorized tool execution. Access control testing is secondary.
Control,D004.1,D004,Reliability,D004.1 Report: Tool call testing,"- Appointing qualified third-party assessors. Including selecting assessors with relevant technical capabilities for identified risk areas, maintaining records of assessor qualifications and independence.
- Conducting regular testing. Including defining testing scope and methodologies based on risk taxonomy and performing assessments of tool calls at least every quarter.
- Maintaining documentation. Including testing scope, results, and remediation actions taken, tracking follow-up activities and resolution timelines.",Third-party Evals,Agentic AI Tool Misuse,Agent Supply Chain & Dependency Risk,ASI04,Medium,OK,"Pre-deployment testing of new tool integrations validates behavior, preventing tool misuse. Supply chain validation is secondary."
Requirement,E001,,Accountability,E001: AI failure plan for security breaches,"Document AI failure plan for AI privacy and security breaches assigning accountable owners and establishing notification and remediation with third-party support as needed (e.g. legal, PR, insurers)",,Agent Cascading Failures,Agent Untraceability,ASI08,High,OK,AI failure plans for security breaches establish response procedures to contain incidents before they cascade. Accountability assignments support traceability.
Control,E001.1,E001,Accountability,E001.1 Documentation: AI failure plan for security breaches,"- Assigning a breach response lead from existing staff. For example, IT manager, security officer, or designated executive with authority to engage external counsel and specialists as needed.
- Defining breach notification procedures. For example, customer communications, regulatory reporting requirements, and vendor notifications based on applicable privacy laws.
- Implementing security remediation measures. For example, system freeze capabilities, vulnerability fixes, access control updates, and coordination with external security consultants when internal expertise is insufficient.
- Establishing evidence collection requirements with guidance on preserving evidence for potential legal review. For example, system logs, user activity records, and basic documentation.",Operational Practices,Agent Untraceability,,ASI04,High,OK,"AI failure plans for security breaches establish response procedures and accountability, supporting traceability and cascade prevention."
Requirement,E002,,Accountability,E002: AI failure plan for harmful outputs,"Document AI failure plan for harmful AI outputs that cause significant customer harm assigning accountable owners and establishing remediation with third-party support as needed (e.g. legal, PR, insurers)",,Agent Goal & Instruction Manipulation,Agent Cascading Failures,ASI01,High,OK,Failure plans for harmful outputs address the consequences of goal manipulation attacks that produce dangerous content. Cascade prevention is secondary.
Control,E002.1,E002,Accountability,E002.1 Documentation: AI failure plan for harmful outputs,"- Implementing customer communication protocols. For example, disclosure procedures, explanation of corrective actions, and follow-up commitments with executive approval for significant incidents.
- Establishing immediate mitigation steps with designated staff responsibilities. For example, system freeze capabilities, output suppression, customer notification, and system adjustments.",Operational Practices,Agent Untraceability,Agent Supply Chain & Dependency Risk,ASI04,High,OK,"Customer communication and mitigation protocols for harmful outputs establish accountability and response procedures, supporting traceability."
Control,E002.2,E002,Accountability,E002.2 Documentation: Additional harmful output failure procedures,"- Defining harmful output categories with reference to risk taxonomy. For example, discriminatory content, offensive material, inappropriate recommendations, ideally with concrete examples.
- Coordinating external support engagement. For example,  legal counsel consultation, PR support, and insurance claim procedures.",Operational Practices,Agent Goal & Instruction Manipulation,Agent Untraceability,ASI01,High,OK,Defining harmful output categories addresses consequences of goal manipulation that produces dangerous content. Traceability is secondary.
Requirement,E003,,Accountability,E003: AI failure plan for hallucinations,"Document AI failure plan for hallucinated AI outputs that cause substantial customer financial loss assigning accountable owners and establishing remediation with third-party support as needed (e.g. legal, PR, insurers)",,Agent Cascading Failures,Agent Untraceability,ASI08,High,OK,Failure plans for hallucinations address scenarios where false agent outputs cascade into financial harm. Accountability supports traceability.
Control,E003.1,E003,Accountability,E003.1 Documentation: AI failure plan for hallucinations,"- Establishing compensation assessment procedures. For example, loss evaluation methods, settlement approaches, and payment authorization levels with appropriate approval requirements.
- Implementing remediation measures. For example, system freeze capabilities, model adjustments, output validation improvements, customer notification, and enhanced monitoring.",Operational Practices,Agent Untraceability,Agent Supply Chain & Dependency Risk,ASI03,Medium,OK,Compensation assessment and remediation procedures for hallucinations address cascading financial harm. Traceability is secondary.
Control,E003.2,E003,Accountability,E003.2 Documentation: Additional hallucination failure procedures,"- Defining hallucination incident types. 
- Coordinating potential external support. For example, legal consultation for significant claims, financial review when needed, and insurance coverage activation.",Operational Practices,Agent Untraceability,Agent Supply Chain & Dependency Risk,ASI04,Medium,OK,Defining hallucination incident types and coordinating external support addresses cascading financial harm from false outputs. Traceability is secondary.
Requirement,E004,,Accountability,E004: Assign accountability,"Document which AI system changes across the development & deployment lifecycle require formal review or approval, assign a lead accountable for each, and document their approval with supporting evidence",,Agent Untraceability,,,Medium,P2,Detected cues: approval. Mapped primarily to AIVSS core risk 'Agent Untraceability' as the most direct agentic failure mode mitigated.
Control,E004.1,E004,Accountability,E004.1 Documentation: Change approval policy and records,"- Defining AI system changes requiring approval including model selection, material changes to the meta prompt, adding / removing guardrails, changes to end-user workflow, other changes that drive material. For example, +/-10% performance on evals.
- Assigning an accountable lead as approver for each of these changes. Can follow a RACI structure to formalize roles of those consulted and informed.",Operational Practices,Agent Untraceability,,,High,OK,"Detected cues: eval, change management, approval. Mapped primarily to AIVSS core risk 'Agent Untraceability' as the most direct agentic failure mode mitigated."
Control,E004.2,E004,Accountability,E004.2 Config: Code signing implementation,"- Implementing code signing and verification processes for AI models, libraries, and deployment artefacts to ensure only digitally signed components are approved for production use.",Technical Implementation,Agent Supply Chain & Dependency Risk,Agent Untraceability,ASI04,Medium,OK,Code signing and verification for AI components addresses supply chain integrity by ensuring only approved artifacts reach production. Traceability is secondary.
Requirement,E005,,Accountability,E005: Assess cloud vs on-prem processing,"Establish criteria for selecting cloud provider, and circumstances for on-premises processing considering data sensitivity, regulatory requirements, security controls, and operational needs",,Agent Supply Chain & Dependency Risk,Agent Access Control Violation,ASI04,High,OK,Cloud vs on-prem decisions directly impact supply chain dependencies and third-party risk exposure. Access control considerations are secondary.
Control,E005.1,E005,Accountability,E005.1 Documentation: Deployment decisions,"- Conducting deployment risk assessments. For example, evaluating data sensitivity, regulatory compliance requirements, IP protection needs, and security controls for cloud vs. on-premises AI processing.
- Documenting decision criteria and rationale. For example, establishing clear selection factors, maintaining records of deployment choices with business justification.
- Reviewing deployment decisions when requirements change. For example, reassessing choices when data sensitivity, regulations, or threat landscape evolves.",Operational Practices,Agent Untraceability,,,Medium,OK,Detected cues: eval. Mapped primarily to AIVSS core risk 'Agent Untraceability' as the most direct agentic failure mode mitigated.
Requirement,E006,,Accountability,E006: Conduct vendor due diligence,"Establish AI vendor due diligence processes for foundation and upstream model providers covering data handling, PII controls, security and compliance",,Agent Supply Chain & Dependency Risk,Agent Untraceability,,Medium,OK,Detected cues: pii. Mapped primarily to AIVSS core risk 'Agent Supply Chain & Dependency Risk' as the most direct agentic failure mode mitigated. Secondary impact likely also reduces: Agent Untraceability.
Control,E006.1,E006,Accountability,E006.1 Documentation: Vendor due diligence,"- Defining assessment criteria for foundational or upstream AI models. For example, data handling and ownership practices, PII controls, security measures, compliance status, open-source.
- Conducting documented assessments. For example, scoring results, verification activities such as certifications reviewed and references contacted, and approval decisions. 
- Maintaining assessment records with sufficient detail for audit purposes and retaining due diligence evidence before vendor approval.",Operational Practices,Agent Untraceability,,,High,OK,"Detected cues: audit, rce, eval, approval, pii. Mapped primarily to AIVSS core risk 'Agent Untraceability' as the most direct agentic failure mode mitigated."
Requirement,E007,,Accountability,E007: [Retired] Document system change approvals,Merged with E004 - see changelog (Q1 2026 update),,Agent Untraceability,,,Medium,P2,Detected cues: approval. Mapped primarily to AIVSS core risk 'Agent Untraceability' as the most direct agentic failure mode mitigated.
Control,E007.1,E007,Accountability,E007.1 Retired,- Documenting formal review and approval decisions for changes defined in E004: Assign accountability.,,Agent Untraceability,,,Medium,P2,Detected cues: approval. Mapped primarily to AIVSS core risk 'Agent Untraceability' as the most direct agentic failure mode mitigated.
Requirement,E008,,Accountability,E008: Review internal processes,Establish regular internal reviews of key processes and document review records and approvals,,Agent Untraceability,,,Medium,P2,Detected cues: approval. Mapped primarily to AIVSS core risk 'Agent Untraceability' as the most direct agentic failure mode mitigated.
Control,E008.1,E008,Accountability,E008.1 Documentation: Internal review,"- Reviewing decision processes every quarter including AI system changes, foundational model selection, security assessment.
- Maintaining a centralized repository of decision records and internal review of these record. For example, supporting evidence reviewed, remediation plans.
- Documenting and tracking remediation of any risks identified.int",Operational Practices,Agent Untraceability,,,High,OK,"Detected cues: audit, approval. Mapped primarily to AIVSS core risk 'Agent Untraceability' as the most direct agentic failure mode mitigated."
Control,E008.2,E008,Accountability,E008.2 Documentation: External feedback integration,"- Collecting and implementing external feedback on AI systems. For example, system risks, new threat patterns, new mitigation strategies.",Operational Practices,Agent Untraceability,Agent Supply Chain & Dependency Risk,ASI04,Medium,OK,"Collecting and implementing external feedback helps identify emerging risks and improves system security, supporting supply chain resilience. Traceability is secondary."
Requirement,E009,,Accountability,E009: Monitor third-party access,Implement systems to monitor third party access,,Agent Supply Chain & Dependency Risk,Agent Untraceability,ASI04,Medium,OK,ASI label inferred: ASI04 (Agentic Supply Chain Vulnerabilities). Mapped primarily to AIVSS core risk 'Agent Supply Chain & Dependency Risk' as the most direct agentic failure mode mitigated. Secondary impact likely also reduces: Agent Untraceability.
Control,E009.1,E009,Accountability,E009.1 Config: Third-party access monitoring,"- Configuring logging for third-party interactions. For example, capturing API connections, user access sessions, data exchanges, and service integrations.
- Capturing access metadata. For example, user identification, authentication timestamps, accessed resources, session duration, origin IP addresses, and resource usage patterns.",Technical Implementation,Agent Untraceability,,ASI04,High,OK,"Third-party access monitoring provides visibility into external interactions with AI systems, directly supporting traceability and supply chain visibility."
Requirement,E010,,Accountability,E010: Establish AI acceptable use policy,Establish and implement an AI acceptable use policy,,Agent Untraceability,,,Medium,P2,Mapped primarily to AIVSS core risk 'Agent Untraceability' as the most direct agentic failure mode mitigated.
Control,E010.1,E010,Accountability,E010.1 Documentation: AI acceptable use policy,"- Defining prohibited AI usage for end-users. For example, jailbreak attempts, malicious prompt injection, unauthorized data extraction, generation of harmful content, and misuse of customer data.",Legal Policies,Agent Goal & Instruction Manipulation,,ASI01,High,P1,"Detected cues: prompt injection, jailbreak. ASI label inferred: ASI01 (Agent Goal Hijack). Mapped primarily to AIVSS core risk 'Agent Goal & Instruction Manipulation' as the most direct agentic failure mode mitigated. Secondary impact likely also reduces: Agent Goal & Instruction Manipulation. ASI→AIVSS bridge used to resolve ambiguity via Appendix A alignment."
Control,E010.2,E010,Accountability,E010.2 Config: AUP violation detection,"- Implementing detection and monitoring tools. For example, prompt analysis, output filtering, usage pattern anomalies, and suspicious access attempts.",Technical Implementation,Agent Untraceability,,,Medium,P2,Detected cues: tool. Mapped primarily to AIVSS core risk 'Agent Untraceability' as the most direct agentic failure mode mitigated.
Control,E010.3,E010,Accountability,E010.3 Demonstration: User notification for AUP breaches,"- Implementing user feedback when policy is breached. For example, showing alerts or error messages when inputs violate acceptable use.",Technical Implementation,Agent Untraceability,,,Medium,P2,Mapped primarily to AIVSS core risk 'Agent Untraceability' as the most direct agentic failure mode mitigated.
Control,E010.4,E010,Accountability,E010.4 Documentation: Guardrails enforcing acceptable use,"- Real-time monitoring, blocking, or alerting capabilities.
- Maintaining logging and tracking systems. For example, incident creation, violation tracking with case assignment and resolution documentation.
- Conducting regular effectiveness reviews. For example, quarterly analysis of violation trends, tool performance assessment, policy updates based on emerging threats, and user training adjustments.",Technical Implementation,Agent Untraceability,,,High,P2,"Detected cues: tool, logging, rce. Mapped primarily to AIVSS core risk 'Agent Untraceability' as the most direct agentic failure mode mitigated."
Requirement,E011,,Accountability,E011: Record processing locations,Document AI data processing locations,,Agent Untraceability,,,Medium,P2,Mapped primarily to AIVSS core risk 'Agent Untraceability' as the most direct agentic failure mode mitigated.
Control,E011.1,E011,Accountability,E011.1 Documentation: AI processing locations,"- Maintaining AI infrastructure location documentation. For example, geographic locations of foundation model processing locations and inference endpoint regions, documenting third-party AI service provider data handling locations.
- Reviewing and updating documentation regularly.",Operational Practices,Agent Supply Chain & Dependency Risk,Agent Untraceability,ASI04,Medium,P1,ASI label inferred: ASI04 (Agentic Supply Chain Vulnerabilities). Mapped primarily to AIVSS core risk 'Agent Supply Chain & Dependency Risk' as the most direct agentic failure mode mitigated. Secondary impact likely also reduces: Agent Untraceability.
Control,E011.2,E011,Accountability,E011.2 Documentation: Data transfer compliance,"- Implementing transfer compliance procedures. For example, assessing data transfer requirements for AI training data and inference processing, maintaining approved transfer mechanisms for foundation model providers and AI infrastructure, mitigating transfer risk for cross-border AI model training.",Legal Policies,Agent Untraceability,,,Medium,OK,Detected cues: approval. Mapped primarily to AIVSS core risk 'Agent Untraceability' as the most direct agentic failure mode mitigated.
Requirement,E012,,Accountability,E012: Document regulatory compliance,"Document applicable AI laws and standards, required data protections, and strategies for compliance",,Agent Untraceability,,,Medium,OK,Mapped primarily to AIVSS core risk 'Agent Untraceability' as the most direct agentic failure mode mitigated.
Control,E012.1,E012,Accountability,E012.1 Documentation: Regulatory compliance reviews,"- Identifying relevant regulations. For example, data protection laws. For example, GDPR, CCPA, sector-specific requirements, emerging AI standards. For example, EU AI Act.
- Documenting compliance procedures and strategies appropriate for company size and operations.
- Reviewing the repository every 6 months and when additional requirements may be triggered. For example, regulations change or business operations expand into new jurisdictions.",Legal Policies,Agent Untraceability,,,Medium,OK,Mapped primarily to AIVSS core risk 'Agent Untraceability' as the most direct agentic failure mode mitigated.
Requirement,E013,,Accountability,E013: Implement quality management system,Establish a quality management system for AI systems proportionate to the size of the organization,,Agent Untraceability,,,Medium,P2,Detected cues: quality management. Mapped primarily to AIVSS core risk 'Agent Untraceability' as the most direct agentic failure mode mitigated.
Control,E013.1,E013,Accountability,E013.1 Documentation: Quality objectives and risk management,"- Defining quality objectives, metrics, and risk management approach for AI systems. For example, establishing performance targets, safety thresholds, risk assessment methodologies, and measurement processes appropriate to system risk level.",Operational Practices,Agent Untraceability,,,Medium,P2,"Detected cues: eval, quality management. Mapped primarily to AIVSS core risk 'Agent Untraceability' as the most direct agentic failure mode mitigated."
Control,E013.2,E013,Accountability,E013.2 Documentation: Change management procedures,"- Establishing change management, approval processes, and documentation standards. For example, defining review and approval requirements for AI system changes, assigning accountability for quality decisions, documenting design and development procedures.",Operational Practices,Agent Untraceability,,,Medium,P2,"Detected cues: change management, approval, quality management. Mapped primarily to AIVSS core risk 'Agent Untraceability' as the most direct agentic failure mode mitigated."
Control,E013.3,E013,Accountability,E013.3 Config: Issue tracking and monitoring,"- Implementing defect tracking, continuous improvement, and post-market monitoring. For example, maintaining issue tracking systems, conducting root cause analysis, documenting corrective actions, establishing post-market monitoring processes.",Technical Implementation,Agent Untraceability,,,High,OK,"Detected cues: tool, quality management. Mapped primarily to AIVSS core risk 'Agent Untraceability' as the most direct agentic failure mode mitigated."
Control,E013.4,E013,Accountability,E013.4 Documentation: Data management procedures,"- Establishing data management and record-keeping systems. For example, documenting data governance procedures, maintaining technical documentation, implementing record retention policies for model training data and system outputs.",Operational Practices,Agent Untraceability,,,High,OK,Detected cues: quality management. Mapped primarily to AIVSS core risk 'Agent Untraceability' as the most direct agentic failure mode mitigated.
Control,E013.5,E013,Accountability,E013.5 Documentation: Stakeholder communication procedures,"- Documenting communication procedures with regulatory authorities and stakeholders. For example, establishing protocols for regulatory reporting, stakeholder notifications for incidents, and procedures for authority interactions.",Operational Practices,Agent Untraceability,,,Medium,P2,Detected cues: quality management. Mapped primarily to AIVSS core risk 'Agent Untraceability' as the most direct agentic failure mode mitigated.
Requirement,E014,,Accountability,E014: Share transparency reports,Merged with E017 - see changelog (Q1 2026 update),,Agent Untraceability,,,High,P2,Mapped primarily to AIVSS core risk 'Agent Untraceability' as the most direct agentic failure mode mitigated.
Control,E014.1,E014,Accountability,E014.1 Not applicable,"This requirement was merged into E017 at the Q1, 2026 standard update. See aiuc-1.com/changelog for more information",,Agent Untraceability,,,High,P2,Mapped primarily to AIVSS core risk 'Agent Untraceability' as the most direct agentic failure mode mitigated.
Requirement,E015,,Accountability,E015: Log model activity,"Maintain logs of AI system processes, actions, and model outputs where permitted to support incident investigation, auditing, and explanation of AI system behavior",,Agent Untraceability,,ASI10,Medium,OK,Detected cues: audit. ASI label inferred: ASI10 (Rogue Agents). Mapped primarily to AIVSS core risk 'Agent Untraceability' as the most direct agentic failure mode mitigated.
Control,E015.1,E015,Accountability,E015.1 Config: Logging implementation,"- Capturing system activity details to support incident investigation and behavior explanation. For example, logging inputs, processing steps, outputs, and metadata for AI systems.",Technical Implementation,Agent Untraceability,,ASI10,Medium,OK,"Detected cues: logging, audit. ASI label inferred: ASI10 (Rogue Agents). Mapped primarily to AIVSS core risk 'Agent Untraceability' as the most direct agentic failure mode mitigated."
Control,E015.2,E015,Accountability,E015.2 Config: Log storage,"- Implementing log storage with appropriate retention periods, access controls, and data sanitation to support auditing and incident response.",Technical Implementation,Agent Untraceability,,ASI10,Medium,P1,"Detected cues: rag, tool, audit, pii. ASI label inferred: ASI10 (Rogue Agents). Mapped primarily to AIVSS core risk 'Agent Untraceability' as the most direct agentic failure mode mitigated."
Control,E015.3,E015,Accountability,E015.3 Config: Log integrity protection,"- Implementing technical controls to ensure logs are tamper-evident and independently verifiable. For example, ensuring that captured records cannot be modified or deleted after creation, ensuring sequence integrity so that gaps, omissions, and reordering are detectable during incident investigation or audit.",Technical Implementation,Agent Untraceability,,ASI04,High,OK,"Log integrity protection ensures audit trails cannot be tampered with, directly supporting traceability and forensic investigation."
Requirement,E016,,Accountability,E016: Implement AI disclosure mechanisms,Implement clear disclosure mechanisms to inform users when they are interacting with AI systems rather than humans,,Agent Untraceability,,,Medium,P2,Detected cues: disclosure. Mapped primarily to AIVSS core risk 'Agent Untraceability' as the most direct agentic failure mode mitigated.
Control,E016.1,E016,Accountability,E016.1 Demonstration: Text AI disclosure,"- Implementing AI disclosure for text-based interactions. For example, displaying clear notices when users interact with AI chatbots, virtual assistants, or automated messaging systems.",Technical Implementation,Agent Untraceability,,,Medium,P2,Detected cues: disclosure. Mapped primarily to AIVSS core risk 'Agent Untraceability' as the most direct agentic failure mode mitigated.
Control,E016.2,E016,Accountability,E016.2 Demonstration: Voice AI disclosure,"- Implementing AI disclosure for voice-based interactions. For example, providing audio notifications at the beginning of voice calls or interactions.",Technical Implementation,Agent Untraceability,Agent Identity Impersonation,,Medium,P2,Detected cues: disclosure. Mapped primarily to AIVSS core risk 'Agent Untraceability' as the most direct agentic failure mode mitigated. Secondary impact likely also reduces: Agent Identity Impersonation.
Control,E016.3,E016,Accountability,E016.3 Demonstration: Labelling AI-generated content,"- Labelling AI-generated media and documents in a machine-readable and detectable format. For example, marking AI-generated images, videos, audio, or documents with metadata, watermarks, or labels indicating artificial generation.",Technical Implementation,Agent Untraceability,,,Medium,P2,"Detected cues: credential, disclosure, label. Mapped primarily to AIVSS core risk 'Agent Untraceability' as the most direct agentic failure mode mitigated."
Control,E016.4,E016,Accountability,E016.4 Demonstration: Automation AI disclosure,"- Disclosing when autonomous AI agents or automated workflows are performing actions. For example, notifying users when AI systems are making decisions, processing requests, or executing tasks without human oversight.",Technical Implementation,Agent Untraceability,,ASI09,Medium,P2,"Detected cues: disclosure, label. ASI label inferred: ASI09 (Human-Agent Trust Exploitation). Mapped primarily to AIVSS core risk 'Agent Untraceability' as the most direct agentic failure mode mitigated."
Control,E016.5,E016,Accountability,E016.5 Demonstration: System response to AI inquiry,- Establishing reactive disclosure capabilities when users ask if they are interacting with AI.,Technical Implementation,Agent Untraceability,Agent Identity Impersonation,,Medium,P2,Detected cues: disclosure. Mapped primarily to AIVSS core risk 'Agent Untraceability' as the most direct agentic failure mode mitigated. Secondary impact likely also reduces: Agent Identity Impersonation.
Requirement,E017,,Accountability,E017: Document system transparency policy,"Establish a system transparency policy and maintain a repository of model cards, datasheets, and interpretability reports for major systems",,Agent Untraceability,,,High,OK,Mapped primarily to AIVSS core risk 'Agent Untraceability' as the most direct agentic failure mode mitigated.
Control,E017.1,E017,Accountability,E017.1 Documentation: Transparency policy,"- Establishing a transparency policy defining documentation requirements for major AI systems. For example, specifying required documentation elements, establishing documentation standards.",Legal Policies,Agent Untraceability,,,High,OK,Mapped primarily to AIVSS core risk 'Agent Untraceability' as the most direct agentic failure mode mitigated.
Control,E017.2,E017,Accountability,E017.2 Documentation: Model cards and system documentation,"- Creating transparency documentation for major AI systems. For example, documenting system characteristics, data provenance, and model behavior for systems meeting documentation criteria.",Technical Implementation,Agent Untraceability,,ASI10,High,OK,"Detected cues: rce, provenance. ASI label inferred: ASI10 (Rogue Agents). Mapped primarily to AIVSS core risk 'Agent Untraceability' as the most direct agentic failure mode mitigated."
Control,E017.3,E017,Accountability,E017.3 Documentation: Transparency report sharing policy,"- Defining policies for sharing transparency documentation with external stakeholders. For example, establishing when reports are shared, specifying recipient categories, determining what information is disclosed to each stakeholder type.
- Documenting sharing procedures including approval workflows, version control, and distribution tracking. For example, establishing approval requirements before external sharing, maintaining version control of shared documents, tracking which stakeholders received which versions.",Operational Practices,Agent Untraceability,,ASI09,High,OK,"Detected cues: disclosure, approval. ASI label inferred: ASI09 (Human-Agent Trust Exploitation). Mapped primarily to AIVSS core risk 'Agent Untraceability' as the most direct agentic failure mode mitigated."
Requirement,F001,,Society,F001: Prevent AI cyber misuse,Implement or document guardrails to prevent AI-enabled misuse for cyber attacks and exploitation,,Agentic AI Tool Misuse,Agent Access Control Violation,,High,OK,Cyber misuse guardrails prevent agents from using tools for malicious purposes. Access controls provide defense in depth.
Control,F001.1,F001,Society,F001.1 Documentation: Foundation model cyber capabilities,- Results of testing from foundation model developer on offensive cyber capabilities and mitigations.,Legal Policies,Agent Supply Chain & Dependency Risk,,,Medium,P1,Detected cues: testing. Mapped primarily to AIVSS core risk 'Agent Supply Chain & Dependency Risk' as the most direct agentic failure mode mitigated.
Control,F001.2,F001,Society,F001.2 Config: Cyber use detection,"- Implementing malicious use detection and blocking. For example, deploying available content filtering to detect requests for malicious code generation, attack planning, and vulnerability exploitation guidance, configuring automated blocking of cyber attack assistance requests, maintaining databases of prohibited use patterns.",Technical Implementation,Agentic AI Tool Misuse,Agent Untraceability,ASI02,High,OK,Malicious use detection prevents agents from being used for cyber attacks. Logging of blocked requests supports traceability.
Requirement,F002,,Society,F002: Prevent catastrophic misuse,Implement or document guardrails to prevent AI-enabled catastrophic system misuse (chemical / bio / radio / nuclear),,Insecure Agent Critical Systems Interaction,Agentic AI Tool Misuse,,High,OK,Catastrophic misuse prevention focuses on protecting critical systems from agent-induced harm. Tool misuse controls are secondary.
Control,F002.1,F002,Society,F002.1 Documentation: Foundation model CBRN capabilities,- Results of testing from foundation model developer on CBRN capabilities and mitigations.,Legal Policies,Agent Supply Chain & Dependency Risk,,,Medium,P1,"Detected cues: eval, testing. Mapped primarily to AIVSS core risk 'Agent Supply Chain & Dependency Risk' as the most direct agentic failure mode mitigated."
Control,F002.2,F002,Society,F002.2 Config: Catastrophic misuse monitoring,"- Establishing catastrophic misuse monitoring. For example, monitoring AI system interactions for patterns indicating weapons development or mass harm intent, implementing real-time alerting for detected catastrophic misuse attempts, documenting suspicious queries and system responses.",Technical Implementation,Agent Untraceability,,,High,OK,Mapped primarily to AIVSS core risk 'Agent Untraceability' as the most direct agentic failure mode mitigated.
